,mean,std
Latest Method,551.0058461932521,0.1668575066572564
Expansion Suite,607.5227909621041,0.16854668049809457
Latest Method with First Order Expansion,3.5213275289978268,0.196059062036875
